{"loss": [9.532950401306152, 4.738739013671875, 3.7498438358306885, 3.289825439453125, 3.074861764907837], "accuracy": [0.3972499966621399, 0.4986500144004822, 0.5144249796867371, 0.5252249836921692, 0.5238249897956848], "val_loss": [5.922914028167725, 4.385751724243164, 3.5764429569244385, 4.0844221115112305, 3.868805170059204], "val_accuracy": [0.46230000257492065, 0.49140000343322754, 0.5120999813079834, 0.49549999833106995, 0.4903999865055084]}